var_readable,var_topic,var_pretty,var_database,is_demographics,is_community_living,is_community_participation,is_work_economic,display,display_type,national_dropdown_label,national_summary_text
pop_total,Overview,Population,S1810_C01_001,TRUE,FALSE,TRUE,TRUE,TRUE,standalone,Population,"The U.S. Census Bureau universe for reporting most disability data is the civilian noninstitutional population, which is defined as persons who are not inmates of institutions (e.g., penal and mental facilities, homes for the aged), and who are not on active duty in the Armed Forces."
pwd_total,Overview,People with Disabilities,S1810_C02_001,TRUE,FALSE,TRUE,TRUE,TRUE,standalone,,
pwd_pct,Overview,Percent of People with Disabilities,,TRUE,FALSE,TRUE,TRUE,TRUE,standalone,Percent of People with Disabilities,"According to the U.S. Census Bureau, a person is considered to have a disability if they report one of six disability types (hearing, vision, cognitive, ambulatory, self-care, or independent living)."
pwod_total,Overview,People without Disabilities,,TRUE,FALSE,TRUE,TRUE,TRUE,standalone,,
pwod_pct,Overview,Percent of People without Disabilities,,TRUE,FALSE,TRUE,TRUE,TRUE,standalone,Percent of People without Disabilities,"According to the U.S. Census Bureau, a person is considered to have a disability if they do not report one of six disability types (hearing, vision, cognitive, ambulatory, self-care, or independent living)."
pwd_hearing,Type of Disability,People with a Hearing Disability,S1810_C02_019,TRUE,FALSE,FALSE,FALSE,TRUE,standalone,,
pwd_hearing_pct,Type of Disability,Percent of People with a Hearing Disability,,TRUE,FALSE,FALSE,FALSE,TRUE,standalone,Percent of People with a Hearing Disability,"According to the U.S. Census Bureau, a hearing disability is defined as being deaf or having serious difficulty hearing. "
pwd_vision,Type of Disability,People with a Vision Disability,S1810_C02_029,TRUE,FALSE,FALSE,FALSE,TRUE,standalone,,
pwd_vision_pct,Type of Disability,Percent of People with a Vision Disability,,TRUE,FALSE,FALSE,FALSE,TRUE,standalone,Percent of People with a Vision Disability,"According to the U.S. Census Bureau, a vision disability is defined as being blind or having serious difficulty seeing, even when wearing glasses"
pwd_cognitive,Type of Disability,People with a Cognitive Disability,S1810_C02_039,TRUE,FALSE,FALSE,FALSE,TRUE,standalone,,
pwd_cognitive_pct,Type of Disability,Percent of People with a Cognitive Disability,,TRUE,FALSE,FALSE,FALSE,TRUE,standalone,Percent of People with a Cognitive Disability,"According to the U.S. Census Bureau, a cognitive disability is defined as having difficulty remembering, concentrating, or making decisions because of a physical, mental, or emotional problem. "
pwd_ambulatory,Type of Disability,People with an Ambulatory Disability,S1810_C02_047,TRUE,FALSE,FALSE,FALSE,TRUE,standalone,,
pwd_ambulatory_pct,Type of Disability,Percent of People with an Ambulatory Disability,,TRUE,FALSE,FALSE,FALSE,TRUE,standalone,Percent of People with an Ambulatory Disability,"According to the U.S. Census Bureau, an ambulatory disability is defined as having serious difficulty walking or climbing stairs."
pwd_selfcare,Type of Disability,People with a Self Care Disability,S1810_C02_055,TRUE,FALSE,FALSE,FALSE,TRUE,standalone,,
pwd_selfcare_pct,Type of Disability,Percent of People with a Self Care Disability,,TRUE,FALSE,FALSE,FALSE,TRUE,standalone,Percent of People with a Self Care Disability,"According to the U.S. Census Bureau, a self-care disability is defined as having difficulty bathing or dressing."
pwd_indliving,Type of Disability,People with an Independent Living Disability,S1810_C02_063,TRUE,FALSE,FALSE,FALSE,TRUE,standalone,,
pwd_indliving_pct,Type of Disability,Percent of People with an Independent Living Disability,,TRUE,FALSE,FALSE,FALSE,TRUE,standalone,Percent of People with an Independent Living Disability,"According to the U.S. Census Bureau, an independent living disability is defined as having difficulty doing errands alone such as visiting a doctor's office or shopping because of a physical, mental, or emotional problem. "
pwd_white,Race and Ethnicity,"People with Disabilities, White",S1810_C02_004,TRUE,FALSE,FALSE,FALSE,TRUE,standalone,,
pwd_white_pct,Race and Ethnicity,"Percent of People with Disabilities, White alone",,TRUE,FALSE,FALSE,FALSE,TRUE,standalone,"Percent of People with Disabilities, White alone","According to the U.S. Census Bureau, white is defined as a person having origins in any of the original peoples of Europe, the Middle East, or North Africa."
pwd_black,Race and Ethnicity,"People with Disabilities, Black or African American alone",S1810_C02_005,TRUE,FALSE,FALSE,FALSE,TRUE,standalone,,
pwd_black_pct,Race and Ethnicity,"Percent of People with Disabilities, Black alone",,TRUE,FALSE,FALSE,FALSE,TRUE,standalone,"Percent of People with Disabilities, Black alone","According to the U.S. Census Bureau, Black or African American is defined as a person having origins in any of the Black racial groups of Africa."
pwd_hisp,Race and Ethnicity,"People with Disabilities, Hispanic",S1810_C02_012,TRUE,FALSE,FALSE,FALSE,TRUE,standalone,,
pwd_hisp_pct,Race and Ethnicity,"Percent of People with Disabilities, Hispanic",,TRUE,FALSE,FALSE,FALSE,TRUE,standalone,"Percent of People with Disabilities, Hispanic alone","According to the U.S. Census Bureau, Hispanic or Latino is defined as a person of Cuban, Mexican, Puerto Rican, South or Central American, or other Spanish culture or origin regardless of race."
pwd_white_nonhisp,Race and Ethnicity,"People with Disabilities, Not Hispanic, White alone",S1810_C02_011,TRUE,FALSE,FALSE,FALSE,TRUE,standalone,,
pwd_white_nonhisp_pct,Race and Ethnicity,"Percent of People with Disabilities, White Non-Hispanic alone",,TRUE,FALSE,FALSE,FALSE,TRUE,standalone,"Percent of People with Disabilities, White Non-Hispanic alone","According to the U.S. Census Bureau, Hispanic or Latino is defined as a person of Cuban, Mexican, Puerto Rican, South or Central American, or other Spanish culture or origin regardless of race."
pwd_other,Race and Ethnicity,"People with Disabilities, American Indian and Alaskan Native alone",S1810_C02_006,TRUE,FALSE,FALSE,FALSE,TRUE,standalone,,
pwd_other,Race and Ethnicity,"People with Disabilities, Asian alone",S1810_C02_007,TRUE,FALSE,FALSE,FALSE,TRUE,standalone,,
pwd_other,Race and Ethnicity,"People with Disabilities, Native Hawaiian or Other Pacific Islander alone",S1810_C02_008,TRUE,FALSE,FALSE,FALSE,TRUE,standalone,,
pwd_other,Race and Ethnicity,"People with Disabilities, Some other race alone",S1810_C02_009,TRUE,FALSE,FALSE,FALSE,TRUE,standalone,,
pwd_other,Race and Ethnicity,"People with Disabilities, Two or more races",S1810_C02_010,TRUE,FALSE,FALSE,FALSE,TRUE,standalone,,
pwd_other_pct,Race and Ethnicity,"Percent of People with Disabilities, Another Race alone",,TRUE,FALSE,FALSE,FALSE,TRUE,standalone,"Percent of People with Disabilities, Another Race alone","According to the U.S. Census Bureau, other races include American Indian or Alaska Native, defined as A person having origins in any of the original peoples of North and South America (including Central America) and who maintains tribal affiliation or community attachment, and Native Hawaiian or Other Pacific Islander defined as a person having origins in any of the original peoples of Hawaii, Guam, Samoa, or other Pacific Islands."
pop_18_64,Age,"Population, Age 18 - 34",S1810_C01_015,TRUE,FALSE,FALSE,FALSE,FALSE,standalone,,
pop_18_64,Age,"Population, Age 35 - 64",S1810_C01_016,TRUE,FALSE,FALSE,FALSE,FALSE,standalone,,
pwd_0_5,Age,"People with Disabilities, Age 0 - 5",S1810_C02_013,TRUE,FALSE,FALSE,FALSE,FALSE,standalone,,
pwd_5_17,Age,"People with Disabilities, Age 5 - 17",S1810_C02_014,TRUE,FALSE,FALSE,FALSE,FALSE,standalone,,
pwd_18_64,Age,"People with Disabilities, Age 18 - 34",S1810_C02_015,TRUE,FALSE,FALSE,FALSE,FALSE,standalone,,
pwd_18_64,Age,"People with Disabilities, Age 35 - 64",S1810_C02_016,TRUE,FALSE,FALSE,FALSE,FALSE,standalone,,
pwd_18_64,Age,"People with Disabilities, Age 18 - 64",,TRUE,FALSE,FALSE,FALSE,TRUE,standalone,"Population with Disabilities, Age 18 - 64",
pwd_18_64_pct,Age,"Percent of People with Disabilities, Age 18 - 64",,TRUE,FALSE,FALSE,FALSE,TRUE,standalone,"Percent of People with Disabilities, Age 18 - 64",
pop_grtoeq_65,Age,"Population, Age 65 - 74",S1810_C01_017,TRUE,FALSE,FALSE,FALSE,FALSE,standalone,,
pop_grtoeq_65,Age,"Population, Age 75 or Older",S1810_C01_018,TRUE,FALSE,FALSE,FALSE,FALSE,standalone,,
pwd_grtoeq_65,Age,"People with Disabilities, Age 65 - 74",S1810_C02_017,TRUE,FALSE,FALSE,FALSE,FALSE,standalone,,
pwd_grtoeq_65,Age,"People with Disabilities, Age 75 or Older",S1810_C02_018,TRUE,FALSE,FALSE,FALSE,FALSE,standalone,,
pwd_grtoeq_65,Age,"People with Disabilities, Age 65 or Older",,TRUE,FALSE,FALSE,FALSE,TRUE,standalone,"Population with Disabilities, Age 65 and Older",
pwd_grtoeq_65_pct,Age,"Percent of People with Disabilities, Age 65 or Older",,TRUE,FALSE,FALSE,FALSE,TRUE,standalone,"Percent of People with Disabilities, Age 65 and Older",
pop_female,Sex,"Population, Female",S1810_C01_003,TRUE,FALSE,FALSE,FALSE,TRUE,standalone,,
pwd_female,Sex,"People with Disabilities, Female",S1810_C02_003,TRUE,FALSE,FALSE,FALSE,TRUE,standalone,,
female_pwd_pct,Sex,"Percent of People with Disabilities, Female",,TRUE,FALSE,FALSE,FALSE,TRUE,standalone,"Percent of People with Disabilities, Female","According to the U.S. Census, biological sex is defined as female or male."
pwd_female_pct,Sex,Percent of Female Population with Disabilities,,TRUE,FALSE,FALSE,FALSE,TRUE,standalone,,
pop_male,Sex,"Population, Male",S1810_C01_002,TRUE,FALSE,FALSE,FALSE,TRUE,standalone,,
pwd_male,Sex,"People with Disabilities, Male",S1810_C02_002,TRUE,FALSE,FALSE,FALSE,TRUE,standalone,,
male_pwd_pct,Sex,"Percent of People with Disabilities, Male",,TRUE,FALSE,FALSE,FALSE,TRUE,standalone,"Percent of People with Disabilities, Male","According to the U.S. Census, biological sex is defined as female or male."
pwd_male_pct,Sex,Percent of Male Population with Disabilities,,TRUE,FALSE,FALSE,FALSE,TRUE,standalone,,
pop_total,Overview,Population,S2601A_C01_001,FALSE,TRUE,FALSE,FALSE,TRUE,standalone,Population,"The U.S. Census Bureau universe for reporting Community Living data (such as group quarters) is the noninstitutional and institutional populations, which includes persons who are inmates of institutions (e.g., penal and mental facilities, homes for the aged), and who are on active duty in the Armed Forces."
pwd_total,Overview,People with Disabilities,,FALSE,TRUE,FALSE,FALSE,TRUE,standalone,,
pwd_pct,Overview,Percent of People with Disabilities,S2601A_C01_047,FALSE,TRUE,FALSE,FALSE,TRUE,standalone,Percent of People with Disabilities,"According to the U.S. Census Bureau, a person is considered to have a disability if they report one of six disability types (hearing, vision, cognitive, ambulatory, self-care, or independent living)."
pwd_home,Living at Home/Community: Home,"People with Disabilities, Living at Home",,FALSE,TRUE,FALSE,FALSE,TRUE,story,"People with Disabilities, Living at Home","According to the U.S. Census, people living at home includes people living in the community alone or with their families."
pwd_home_pct,Living at Home/Community: Home,"Percent of People with Disabilities, Living at Home",,FALSE,TRUE,FALSE,FALSE,TRUE,story,"Percent of People with Disabilities, Living at Home","According to the U.S. Census, people living at home includes people living in the community alone or with their families."
pop_grpquarters,Living in Group Quarters,"Population, Living in Group Quarters",S2601A_C02_001,FALSE,TRUE,FALSE,FALSE,FALSE,story,,
pwd_grpquarters_pct,Living in Group Quarters,"People with Disabilities, Living in Group Quarters",S2601A_C02_047,FALSE,TRUE,FALSE,FALSE,FALSE,story,,
grpquarters_pct,Living in Group Quarters,"Percent of Population, Living in Group Quarters",,FALSE,TRUE,FALSE,FALSE,FALSE,story,,
pop_grpquarters_noninstitution,Living at Home/Community: Group Quarters,"Population Living in Group Quarters, Community",S2601A_C04_001,FALSE,TRUE,FALSE,FALSE,TRUE,story,,
pwd_grpquarters_noninstitution,Living at Home/Community: Group Quarters,"People with Disablities Living in Other Group Quarters, Community",,FALSE,TRUE,FALSE,FALSE,TRUE,story,"People with Disabilities, Living in Other Group Quarters in Community","According to the U.S. Census, people living in the community in group quarters include residences like group homes, missions or shelters"
pwd_grpquarters_noninstitution_pct,Living at Home/Community: Group Quarters,"Percent of People with Disabilities Living in Other Group Quarters, Community",,FALSE,TRUE,FALSE,FALSE,TRUE,story,"Percent of People with Disabilities, Living in Other Group Quarters in Community","According to the U.S. Census, people living in the community in group quarters include residences like group homes, missions or shelters"
pop_grpquarters_noninstitution_pwd_pct,Living at Home/Community: Group Quarters,"Percent of People Living in Other Group Quarters, Community, with Disabilities",S2601A_C04_047,FALSE,TRUE,FALSE,FALSE,FALSE,story,,
pop_grpquarters_institution,Living in Institution: Group Quarters,"Population Living in Group Quarters, Institutionalized",S2601A_C03_001,FALSE,TRUE,FALSE,FALSE,TRUE,story,,
pwd_grpquarters_institution,Living in Institution: Group Quarters,"People with Disabilities Living in Group Quarters, Institutionalized",,FALSE,TRUE,FALSE,FALSE,TRUE,story,"People with Disabilities, Living in an Institution","According to the U.S. Census, institutional living includes correctional facilities, nursing homes and mental hospitals.  "
pwd_grpquarters_institution_pct,Living in Institution: Group Quarters,"Percent of People with Disabilities Living in Group Quarters, Institutionalized",,FALSE,TRUE,FALSE,FALSE,TRUE,story,"Percent of People with Disabilities, Living in an Institution","According to the U.S. Census, institutional living includes correctional facilities, nursing homes and mental hospitals.  "
pop_grpquarters_institution_pwd_pct,Living in Institution: Group Quarters,"Percent of People Living in Group Quarters, Institutionalized, with Disabilities",S2601A_C03_047,FALSE,TRUE,FALSE,FALSE,FALSE,story,,
pop_nursing,Living in Institution: Nursing Home,Population Living in Nursing Homes,S2602_C04_001,FALSE,TRUE,FALSE,FALSE,FALSE,story,,
pop_18_64,Living in Institution: Nursing Home,"Population Living in Nursing Homes, Age 18 - 64",S2602_C01_047,FALSE,TRUE,FALSE,FALSE,TRUE,story,,
pwd_18_64,Living in Institution: Nursing Home,"People with Disabilities, Age 18 - 64",,FALSE,TRUE,FALSE,FALSE,TRUE,story,,
pwd_18_64_pct,Living in Institution: Nursing Home,"Percent of People with Disabilities, Age 18 - 64",S2602_C01_048,FALSE,TRUE,FALSE,FALSE,TRUE,story,,
pop_nursing_18_24,Living in Institution: Nursing Home,"Population Living in Nursing Homes, Age 18 - 24",S2602_C04_006,FALSE,TRUE,FALSE,FALSE,FALSE,story,,
pop_nursing_25_34,Living in Institution: Nursing Home,"Population Living in Nursing Homes, Age 25 - 34",S2602_C04_007,FALSE,TRUE,FALSE,FALSE,FALSE,story,,
pop_nursing_35_44,Living in Institution: Nursing Home,"Population Living in Nursing Homes, Age 35 - 44",S2602_C04_008,FALSE,TRUE,FALSE,FALSE,FALSE,story,,
pop_nursing_45_54,Living in Institution: Nursing Home,"Population Living in Nursing Homes, Age 45 - 54",S2602_C04_009,FALSE,TRUE,FALSE,FALSE,FALSE,story,,
pop_nursing_55_64,Living in Institution: Nursing Home,"Population Living in Nursing Homes, Age 55 - 64",S2602_C04_010,FALSE,TRUE,FALSE,FALSE,FALSE,story,,
pwd_nursing_18_64,Living in Institution: Nursing Home,"People with Disabilities, Age 18 - 64 Living in Nursing Homes",,FALSE,TRUE,FALSE,FALSE,TRUE,story,,
pwd_nursing_18_64_pct,Living in Institution: Nursing Home,"Percent of People with Disabilities, Age 18 - 64 Living in Nursing Homes",,FALSE,TRUE,FALSE,FALSE,TRUE,story,,
pop_corrections,Living in Institution: Incarcerated,People Living in Adult Correctional Facilities,B26108_037,FALSE,TRUE,FALSE,FALSE,TRUE,story,People Living in Adult Correctional Facilities,"According to the Bureau of Justice Statistics, adult correctional facilities include prisons and prison farms; reception, diagnostic, and classification centers; facilities for parole violators; road and forestry correctional camps; facilities for youthful offenders; and drug and alcohol treatment facilities."
pop_corrections_pct,Living in Institution: Incarcerated,Percent of People Living in Adult Correctional Facilities,,FALSE,TRUE,FALSE,FALSE,TRUE,story,,
pwd_corrections,Living in Institution: Incarcerated,People with Disabilities Living in Adult Correctional Facilities,B26108_038,FALSE,TRUE,FALSE,FALSE,TRUE,story,,
pwd_corrections_pct,Living in Institution: Incarcerated,Percent of People Living in Adult Correctional Facilities with Disabilities,,FALSE,TRUE,FALSE,FALSE,TRUE,story,Percent of People Living in Adult Correctional Facilities with Disabilities,"According to the Bureau of Justice Statistics, adult correctional facilities include prisons and prison farms; reception, diagnostic, and classification centers; facilities for parole violators; road and forestry correctional camps; facilities for youthful offenders; and drug and alcohol treatment facilities."
pop_19_64,Overview,Population Age 19 - 64,B18135_013,FALSE,FALSE,TRUE,FALSE,FALSE,standalone,,
pwd_19_64,Overview,"People with Disabilities,Age 19 - 64",B18135_014,FALSE,FALSE,TRUE,FALSE,FALSE,comp,,
pwod_19_64,Overview,"People without Disabilities, Age 19 - 64",B18135_019,FALSE,FALSE,TRUE,FALSE,FALSE,comp,,
pop_grtoeq_65,Overview,Population Age 65 or Older,B18135_024,FALSE,FALSE,TRUE,FALSE,FALSE,standalone,,
pwd_grtoeq_65,Overview,"People with Disabilities, Age 65 or Older",B18135_025,FALSE,FALSE,TRUE,FALSE,FALSE,comp,,
pwod_grtoeq_65,Overview,"People without Disabilities, Age 65 or Older",B18135_030,FALSE,FALSE,TRUE,FALSE,FALSE,comp,,
pwd_19_64_uninsured,Health Insurance: Uninsured,"People with Disabilities, Age 19 - 64 without Health Insurance",B18135_018,FALSE,FALSE,TRUE,FALSE,TRUE,comp,,
pwd_19_64_uninsured_pct,Health Insurance: Uninsured,"Percent of People with Disabilities, Age 19 - 64 without Health Insurance",,FALSE,FALSE,TRUE,FALSE,TRUE,comp,"Percent of People with Disabilities, Age 19 to 64 without Health Insurance","According to the U.S. Census, people without insurance do not have any kind of insurance."
pwod_19_64_uninsured,Health Insurance: Uninsured,"People without Disabilities, Age 19 - 64 without Health Insurance",B18135_023,FALSE,FALSE,TRUE,FALSE,TRUE,comp,,
pwod_19_64_uninsured_pct,Health Insurance: Uninsured,"Percent of People without Disabilities, Age 19 - 64 without Health Insurance",,FALSE,FALSE,TRUE,FALSE,TRUE,comp,"Percent of People without Disabilities, Age 19 to 64 without Health Insurance","According to the U.S. Census, people without insurance do not have any kind of insurance."
pwd_grtoeq_65_uninsured,Health Insurance: Uninsured,"People with Disabilities, Age 65 or Older without Health Insurance",B18135_029,FALSE,FALSE,TRUE,FALSE,TRUE,comp,,
pwd_grtoeq_65_uninsured_pct,Health Insurance: Uninsured,"Percent of People with Disabilities, Age 65 or Older without Health Insurance",,FALSE,FALSE,TRUE,FALSE,TRUE,comp,"Percent of People with Disabilities, Age 65 and Above without Health Insruance","According to the U.S. Census, people without insurance do not have any kind of insurance."
pwod_grtoeq_65_uninsured,Health Insurance: Uninsured,"People without Disabilities, Age 65 or Older without Health Insurance",B18135_034,FALSE,FALSE,TRUE,FALSE,TRUE,comp,,
pwod_grtoeq_65_uninsured_pct,Health Insurance: Uninsured,"Percent of People without Disabilities, Age 65 or Older without Health Insurance",,FALSE,FALSE,TRUE,FALSE,TRUE,comp,"Percent of People without Disabilities, Age 65 and Above without Health Insurance","According to the U.S. Census, people without insurance do not have any kind of insurance."
pwd_19_64_insured,Health Insurance: Insured,"People with Disabilities, Age 19 - 64 with Health Insurance",B18135_015,FALSE,FALSE,TRUE,FALSE,TRUE,comp,,
pwd_19_64_insured_pct,Health Insurance: Insured,"Percent of People with Disabilities, Age 19 - 64 with Health Insurance",,FALSE,FALSE,TRUE,FALSE,TRUE,comp,"Percent of People with Disabilities, Age 19 - 64 with Health Insurance","According to the U.S. Census, people with insurance have insurance provided by any means including from their employer, directly from an insurance company, from Medicare or Medicaid, or other government healthcare program (like the VA, Tricare or Indian Health Service)."
pwod_19_64_insured,Health Insurance: Insured,"People without Disabilities, Age 19 - 64 with Health Insurance",B18135_020,FALSE,FALSE,TRUE,FALSE,TRUE,comp,,
pwod_19_64_insured_pct,Health Insurance: Insured,"Percent of People without Disabilities, Age 19 - 64 with Health Insurance",,FALSE,FALSE,TRUE,FALSE,TRUE,comp,"Percent of People without Disabilities, Age 19 - 64 with Health Insurance","According to the U.S. Census, people with insurance have insurance provided by any means including from their employer, directly from an insurance company, from Medicare or Medicaid, or other government healthcare program (like the VA, Tricare or Indian Health Service)."
pwd_grtoeq_65_insured,Health Insurance: Insured,"People with Disabilities, Age 65 or Older with Health Insurance",B18135_026,FALSE,FALSE,TRUE,FALSE,TRUE,comp,,
pwd_grtoeq_65_insured_pct,Health Insurance: Insured,"Percent of People with Disabilities, Age 65 or Older with Health Insurance",,FALSE,FALSE,TRUE,FALSE,TRUE,comp,"Percent of People with Disabilities, Age 65 or Older with Health Insurance","According to the U.S. Census, people with insurance have insurance provided by any means including from their employer, directly from an insurance company, from Medicare or Medicaid, or other government healthcare program (like the VA, Tricare or Indian Health Service)."
pwod_grtoeq_65_insured,Health Insurance: Insured,"People without Disabilities, Age 65 or Older with Health Insurance",B18135_031,FALSE,FALSE,TRUE,FALSE,TRUE,comp,,
pwod_grtoeq_65_insured_pct,Health Insurance: Insured,"Percent of People without Disabilities, Age 65 or Older with Health Insurance",,FALSE,FALSE,TRUE,FALSE,TRUE,comp,"Percent of People without Disabilities, Age 65 or Older with Health Insurance","According to the U.S. Census, people with insurance have insurance provided by any means including from their employer, directly from an insurance company, from Medicare or Medicaid, or other government healthcare program (like the VA, Tricare or Indian Health Service)."
pwd_19_64_insured_public,Public or Private Health Insurance: Public,"People with Disabilities, Age 19 - 64 with Public Health Insurance",B18135_017,FALSE,FALSE,TRUE,FALSE,TRUE,comp,,
pwd_19_64_insured_public_pct,Public or Private Health Insurance: Public,"Percent of People with Disabilities, Age 19 - 64 with Public Health Insurance",,FALSE,FALSE,TRUE,FALSE,TRUE,comp,"Percent of People with Disabilities, Age 19 - 64 with Public Health Insurance","According to the U.S. Census, people with public insurance have insurance provided by Medicare (for people aged 65 and older or people with certain disabilities) or Medicaid (for people with low incomes or a disability)."
pwod_19_64_insured_public,Public or Private Health Insurance: Public,"People without Disabilities, Age 19 - 64 with Public Health Insurance",B18135_022,FALSE,FALSE,TRUE,FALSE,TRUE,comp,,
pwod_19_64_insured_public_pct,Public or Private Health Insurance: Public,"Percent of People without Disabilities, Age 19 - 64 with Public Health Insurance",,FALSE,FALSE,TRUE,FALSE,TRUE,comp,"Percent of People without Disabilities, Age 19 - 64 with Public Health Insurance","According to the U.S. Census, people with public insurance have insurance provided by Medicare (for people aged 65 and older or people with certain disabilities) or Medicaid (for people with low incomes or a disability)."
pwd_grtoeq_65_insured_public,Public or Private Health Insurance: Public,"People with Disabilities, Age 65 or Older with Public Health Insurance",B18135_028,FALSE,FALSE,TRUE,FALSE,TRUE,comp,,
pwd_grtoeq_65_insured_public_pct,Public or Private Health Insurance: Public,"Percent of People with Disabilities, Age 65 or Older with Public Health Insurance",,FALSE,FALSE,TRUE,FALSE,TRUE,comp,"Percent of People with Disabilities, Age 65 or Older with Public Health Insurance","According to the U.S. Census, people with public insurance have insurance provided by Medicare (for people aged 65 and older or people with certain disabilities) or Medicaid (for people with low incomes or a disability)."
pwod_grtoeq_65_insured_public,Public or Private Health Insurance: Public,"People without Disabilities, Age 65 or Older with Public Health Insurance",B18135_033,FALSE,FALSE,TRUE,FALSE,TRUE,comp,,
pwod_grtoeq_65_insured_public_pct,Public or Private Health Insurance: Public,"Percent of People without Disabilities, Age 65 or Older with Public Health Insurance",,FALSE,FALSE,TRUE,FALSE,TRUE,comp,"Percent of People without Disabilities, Age 65 or Older with Public Health Insurance","According to the U.S. Census, people with public insurance have insurance provided by Medicare (for people aged 65 and older or people with certain disabilities) or Medicaid (for people with low incomes or a disability)."
pwd_19_64_insured_private,Public or Private Health Insurance: Private,"People with Disabilities, Age 19 - 64 with Private Health Insurance",B18135_016,FALSE,FALSE,TRUE,FALSE,TRUE,comp,,
pwd_19_64_insured_private_pct,Public or Private Health Insurance: Private,"Percent of People with Disabilities, Age 19 - 64 with Private Health Insurance",,FALSE,FALSE,TRUE,FALSE,TRUE,comp,"Percent of People with Disabilities, Age 19 - 64 with Private Health Insurance","According to the U.S. Census, people with private insurance have insurance provided from a current or former employer or union or have directly purchased insurance from an insurance company."
pwod_19_64_insured_private,Public or Private Health Insurance: Private,"People without Disabilities, Age 19 - 64 with Private Health Insurance",B18135_021,FALSE,FALSE,TRUE,FALSE,TRUE,comp,,
pwod_19_64_insured_private_pct,Public or Private Health Insurance: Private,"Percent of People without Disabilities, Age 19 - 64 with Private Health Insurance",,FALSE,FALSE,TRUE,FALSE,TRUE,comp,"Percent of People without Disabilities, Age 19 - 64 with Private Health Insurance","According to the U.S. Census, people with private insurance have insurance provided from a current or former employer or union or have directly purchased insurance from an insurance company."
pwd_grtoeq_65_insured_private,Public or Private Health Insurance: Private,"People with Disabilities, Age 65 or Older with Private Health Insurance",B18135_027,FALSE,FALSE,TRUE,FALSE,TRUE,comp,,
pwd_grtoeq_65_insured_private_pct,Public or Private Health Insurance: Private,"Percent of People with Disabilities, Age 65 or Older with Private Health Insurance",,FALSE,FALSE,TRUE,FALSE,TRUE,comp,"Percent of People with Disabilities, Age 65 or Older with Private Health Insurance","According to the U.S. Census, people with private insurance have insurance provided from a current or former employer or union or have directly purchased insurance from an insurance company."
pwod_grtoeq_65_insured_private,Public or Private Health Insurance: Private,"People without Disabilities, Age 65 or Older with Private Health Insurance",B18135_032,FALSE,FALSE,TRUE,FALSE,TRUE,comp,,
pwod_grtoeq_65_insured_private_pct,Public or Private Health Insurance: Private,"Percent of People without Disabilities, Age 65 or Older with Private Health Insurance",,FALSE,FALSE,TRUE,FALSE,TRUE,comp,"Percent of People without Disabilities, Age 65 or Older with Private Health Insurance","According to the U.S. Census, people with private insurance have insurance provided from a current or former employer or union or have directly purchased insurance from an insurance company."
pop_commute_public,Public Transit,"Population, Commute by Public Transit",,FALSE,FALSE,TRUE,FALSE,TRUE,standalone,,
pop_commute_public_pct,Public Transit,"Percent Population, Commute by Public Transit",S1811_C01_035,FALSE,FALSE,TRUE,FALSE,TRUE,standalone,"Percent of Population, Commute by Public Transit","According to the U.S. Census Bureau, commuting by public transportation includes people who take the bus, subway, elevated train, long distance train, commuter rail, light rail street car, trolley or ferry boat to work. Darker colored states indicate a greater percent of people using public transit to go to work."
pwd_commute_public,Public Transit,"People with Disabilities, Commute by Public Transit",,FALSE,FALSE,TRUE,FALSE,TRUE,comp,,
pwd_commute_public_pct,Public Transit,"Percent of People with Disabilities, Commute by Public Transit",S1811_C02_035,FALSE,FALSE,TRUE,FALSE,TRUE,comp,"Percent of People with Disabilities, Commute by Public Transit","According to the U.S. Census Bureau, commuting by public transportation includes people who take the bus, subway, elevated train, long distance train, commuter rail, light rail street car, trolley or ferry boat to work. Darker colored states indicate a greater percent of people using public transit to go to work."
pwod_commute_public,Public Transit,"People without Disabilities, Commute by Public Transit",,FALSE,FALSE,TRUE,FALSE,TRUE,comp,,
pwod_commute_public_pct,Public Transit,"Percent of People without Disabilities, Commute by Public Transit",S1811_C03_035,FALSE,FALSE,TRUE,FALSE,TRUE,comp,"Percent of People without Disabilities, Commute by Public Transit","According to the U.S. Census Bureau, commuting by public transportation includes people who take the bus, subway, elevated train, long distance train, commuter rail, light rail street car, trolley or ferry boat to work. Darker colored states indicate a greater percent of people using public transit to go to work."
pop_commute_car_alone,Private Vehicle,"Population, Commute by Driving Private Vehicle Alone",,FALSE,FALSE,TRUE,FALSE,TRUE,standalone,,
pop_commute_car_alone_pct,Private Vehicle,"Percent of Population, Commute by Driving Private Vehicle Alone",S1811_C01_033,FALSE,FALSE,TRUE,FALSE,TRUE,standalone,"Percent of Population, Commute by Driving Private Vehicle Alone","According to the U.S. Census Bureau, commuting by private vehicle includes driving in a car, truck or van to work. Darker colored states indicate a greater percent of people using a private vehicle to go to work."
pwd_commute_car_alone,Private Vehicle,"People with Disabilities, Commute by Driving Private Vehicle Alone",,FALSE,FALSE,TRUE,FALSE,TRUE,comp,,
pwd_commute_car_alone_pct,Private Vehicle,"Percent of People with Disabilities, Commute by Driving Private Vehicle Alone",S1811_C02_033,FALSE,FALSE,TRUE,FALSE,TRUE,comp,"Percent of People with Disabilities, Commute by Driving Private Vehicle Alone","According to the U.S. Census Bureau, commuting by private vehicle includes driving in a car, truck or van to work. Darker colored states indicate a greater percent of people using a private vehicle to go to work."
pwod_commute_car_alone,Private Vehicle,"People without Disabilities, Commute by Driving Private Vehicle Alone",,FALSE,FALSE,TRUE,FALSE,TRUE,comp,,
pwod_commute_car_alone_pct,Private Vehicle,"Percent of People without Disabilities, Commute by Driving Private Vehicle Alone",S1811_C03_033,FALSE,FALSE,TRUE,FALSE,TRUE,comp,"Percent of People without Disabilities, Commute by Driving Private Vehicle Alone","According to the U.S. Census Bureau, commuting by private vehicle includes driving in a car, truck or van to work. Darker colored states indicate a greater percent of people using a private vehicle to go to work."
pwd_lessthan_highschool_pct,High School Diploma or Not: Not,Percent of People with Disabilities with No High School Diploma,S1811_C02_040,FALSE,FALSE,TRUE,FALSE,TRUE,comp,Percent of People with Disabilities Age 25 and Above with Less than a High School Diploma,
pwod_lessthan_highschool_pct,High School Diploma or Not: Not,Percent of People without Disabilities with No High School Diploma,S1811_C03_040,FALSE,FALSE,TRUE,FALSE,TRUE,comp,Percent of People without Disabilities Age 25 and Above with Less than a High School Diploma,
pwd_highschoolequiv_pct,High School Diploma or Not: Yes,Percent of People with Disabilities with High School Diploma or Equivalent,S1811_C02_041,FALSE,FALSE,TRUE,FALSE,TRUE,comp,Percent of People with Disabilities Age 25 and Above with a High School Diploma or GED,
pwod_highschoolequiv_pct,High School Diploma or Not: Yes,Percent of People without Disabilities with High School Diploma or Equivalent,S1811_C03_041,FALSE,FALSE,TRUE,FALSE,TRUE,comp,Percent of People without Disabilities Age 25 and Above with a High School Diploma or GED,
pwd_degree_aa_pct,High School Diploma or Not: Yes,Percent of People with Disabilities with Associate's Degree,S1811_C02_042,FALSE,FALSE,TRUE,FALSE,FALSE,comp,Percent of People with Disabilities Age 25 and Above with Some College or an Associate's Degree,
pwod_degree_aa_pct,High School Diploma or Not: Yes,Percent of People without Disabilities with Associate's Degree,S1811_C03_042,FALSE,FALSE,TRUE,FALSE,FALSE,comp,Percent of People without Disabilities Age 25 and Above with Some College or an Associate's Degree,
pwd_degree_grtoeq_ba_pct,High School Diploma or Not: Yes,Percent of People with Disabilities with Bachelor's Degree or Higher,S1811_C02_043,FALSE,FALSE,TRUE,FALSE,TRUE,comp,Percent of People with Disabilities Age 25 and Above with a Bachelor's Degree or Higher,
pwod_degree_grtoeq_ba_pct,High School Diploma or Not: Yes,Percent of People without Disabilities with Bachelor's Degree or Higher,S1811_C03_043,FALSE,FALSE,TRUE,FALSE,TRUE,comp,Percent of People without Disabilities Age 25 and Above with a Bachelor's Degree or Higher,
pwd_below_poverty,Below Poverty Level,"People with Disabilities, Age 18 - 64 Living Below Poverty Level",C18130_011,FALSE,FALSE,FALSE,TRUE,TRUE,comp,,
pwd_below_poverty_pct,Below Poverty Level,"Percent of People with Disabilities, Age 18 - 64 Living Below Poverty Level",,FALSE,FALSE,FALSE,TRUE,TRUE,comp,"Percent of People with Disabilities, Age 18 - 64 Living Below Poverty Level","The U.S. Census Bureau defines living below the poverty threshold as making less than $23,011 for one person, $17,196 for a couple or $26,172 for a family of 4. Poverty status is not determined for people in institutions."
pwod_below_poverty,Below Poverty Level,"People without Disabilities, Age 18 - 64 Living Below Poverty Level",C18130_014,FALSE,FALSE,FALSE,TRUE,TRUE,comp,,
pwod_below_poverty_pct,Below Poverty Level,"Percent of People without Disabilities, Age 18 - 64 Living Below Poverty Level",,FALSE,FALSE,FALSE,TRUE,TRUE,comp,"Percent of People without Disabilities, Age 18 - 64 Living Below Poverty Level","The U.S. Census Bureau defines living below the poverty threshold as making less than $23,011 for one person, $17,196 for a couple or $26,172 for a family of 4. Poverty status is not determined for people in institutions."
pwd_atorabove_poverty,At or Above Poverty Level,"People with Disabilities, Age 18 - 64 Living At or Above Poverty Level",C18130_012,FALSE,FALSE,FALSE,TRUE,TRUE,comp,,
pwd_atorabove_poverty_pct,At or Above Poverty Level,"Percent of People with Disabilities, Age 18 - 64 Living At or Above Poverty Level",,FALSE,FALSE,FALSE,TRUE,TRUE,comp,"Percent of People with Disabilities, Age 18 - 64 Living At or Above Poverty Level","The U.S. Census Bureau defines living at or above the poverty threshold as making equal or more than $23,011 for one person, $17,196 for a couple or $26,172 for those under 65 years old.?Poverty status is not determined for people in institutions."
pwod_atorabove_poverty,At or Above Poverty Level,"People without Disabilities, Age 18 - 64 Living At or Above Poverty Level",C18130_015,FALSE,FALSE,FALSE,TRUE,TRUE,comp,,
pwod_atorabove_poverty_pct,At or Above Poverty Level,"Percent of People without Disabilities, Age 18 - 64 Living At or Above Poverty Level",,FALSE,FALSE,FALSE,TRUE,TRUE,comp,"Percent of People without Disabilities, Age 18 - 64 Living At or Above Poverty Level","The U.S. Census Bureau defines living at or above the poverty threshold as making equal or more than $23,011 for one person, $17,196 for a couple or $26,172 for those under 65 years old.?Poverty status is not determined for people in institutions."
pwd_employed,Employed,"People with Disabilities, Employed",C18120_004,FALSE,FALSE,FALSE,TRUE,TRUE,comp,,
pwd_employed_pct,Employed,"Percent of People with Disabilities, Employed",,FALSE,FALSE,FALSE,TRUE,TRUE,comp,"Percent of People with Disabilities, Employed","According to the U.S. Census, people who are employed includes all civilians 16 years old and over who work as paid employees, work in their own business or profession, or worked on their own farm (Excluded from the employed are people whose only activity consisted of work around the house or unpaid volunteer work for religious, charitable, and similar organizations; also excluded are people on active duty in the United States Armed Forces.) "
pwod_employed,Employed,"People without Disabilities, Employed",C18120_005,FALSE,FALSE,FALSE,TRUE,TRUE,comp,,
pwod_employed_pct,Employed,"Percent of People without Disabilities, Employed",,FALSE,FALSE,FALSE,TRUE,TRUE,comp,"Percent of People without Disabilities, Employed","According to the U.S. Census, people who are employed includes all civilians 16 years old and over who work as paid employees, work in their own business or profession, or worked on their own farm (Excluded from the employed are people whose only activity consisted of work around the house or unpaid volunteer work for religious, charitable, and similar organizations; also excluded are people on active duty in the United States Armed Forces.) "
pwd_unemployed,Unemployed,"People with Disabilities, Unemployed",C18120_007,FALSE,FALSE,FALSE,TRUE,TRUE,comp,,
pwd_unemployed_pct,Unemployed,"Percent of People with Disabilities, Unemployed",,FALSE,FALSE,FALSE,TRUE,TRUE,comp,"Percent of People with Disabilities, Unemployed","According to the U.S. Census, people who are unemployed includes all civilians 16 years old who are not employed and were actively looking for work and are available to accept a job. "
pwod_unemployed,Unemployed,"People without Disabilities, Unemployed",C18120_008,FALSE,FALSE,FALSE,TRUE,TRUE,comp,,
pwod_unemployed_pct,Unemployed,"Percent of People without Disabilities, Unemployed",,FALSE,FALSE,FALSE,TRUE,TRUE,comp,"Percent of People without Disabilities, Unemployed","According to the U.S. Census, people who are unemployed includes all civilians 16 years old who are not employed and were actively looking for work and are available to accept a job. "
pwd_notlabor,Not In Labor Force,"People with Disabilities, Not in Labor Force",C18120_010,FALSE,FALSE,FALSE,TRUE,TRUE,comp,,
pwd_notlabor_pct,Not In Labor Force,"Percent of People with Disabilities, Not in Labor Force",,FALSE,FALSE,FALSE,TRUE,TRUE,comp,"Percent of People with Disabilities, Not in Labor Force","According to the U.S. Census, people who are not in labor force includes all people 16 years old and over who have no job and who are not looking for one. They are not classified as members of the labor force (those who are employed or unemployed). People not in the labor force include students, housewives, retired workers, seasonal workers interviewed in an off season who were not looking for work, institutionalized people, and people doing only incidental unpaid family work (less than 15 hours/week). "
pwod_notlabor,Not In Labor Force,"People without Disabilities, Not in Labor Force",C18120_011,FALSE,FALSE,FALSE,TRUE,TRUE,comp,,
pwod_notlabor_pct,Not In Labor Force,"Percent of People without Disabilities, Not in Labor Force",,FALSE,FALSE,FALSE,TRUE,TRUE,comp,"Percent of People without Disabilities, Not in Labor Force","According to the U.S. Census, people who are not in labor force includes all people 16 years old and over who have no job and who are not looking for one. They are not classified as members of the labor force (those who are employed or unemployed). People not in the labor force include students, housewives, retired workers, seasonal workers interviewed in an off season who were not looking for work, institutionalized people, and people doing only incidental unpaid family work (less than 15 hours/week). "
pwd_grtoeq_16_med_individual_income,Income,"Median Individual Income of People with Disabilities, Age 16 or Older",B18140_002,FALSE,FALSE,FALSE,TRUE,TRUE,comp,"Median Individual Income of People with Disabilities, Age 16 or Older","The U.S. Census Bureau indicates that median individual income is the income cut-off where half of the households in a state earn more, and half earn less."
pwod_grtoeq_16_med_individual_income,Income,"Median Individual Income of People without Disabilities, Age 16 or Older",B18140_005,FALSE,FALSE,FALSE,TRUE,TRUE,comp,"Median Individual Income of People without Disabilities, Age 16 or Older","The U.S. Census Bureau indicates that median individual income is the income cut-off where half of the households in a state earn more, and half earn less."
mortgage_burdened_30_35,Affordability,Households with Mortgage as 30 - 35 Percent of Income,B25091_008,FALSE,FALSE,FALSE,TRUE,FALSE,standalone,,
mortgage_burdened_35_40,Affordability,Households with Mortgage as 35 - 40 Percent of Income,B25091_009,FALSE,FALSE,FALSE,TRUE,FALSE,standalone,,
mortgage_burdened_40_50,Affordability,Households with Mortgage as 40 - 50 Percent of Income,B25091_010,FALSE,FALSE,FALSE,TRUE,FALSE,standalone,,
mortgage_burdened_grtoeq_50,Affordability,Households with Mortgage as 50 or More Percent of Income,B25091_011,FALSE,FALSE,FALSE,TRUE,FALSE,standalone,,
mortgage_burdened,Affordability,Households Considered Mortgage Burdened,,FALSE,FALSE,FALSE,TRUE,TRUE,standalone,,
mortgage_burdened_pct,Affordability,Percent of Households Considered Mortgage Burdened,,FALSE,FALSE,FALSE,TRUE,TRUE,standalone,Percent of Households Considered Mortage Burdened,The U.S. Census defines owner or mortgage burden as those who spend more than 30 percent of their income on housing costs for homeowners. This data is general to the population and is an indicator of housing affordability in a location.
rent_burdened_30_35,Affordability,Households with Rent as 30 - 35 Percent of Income,B25070_007,FALSE,FALSE,FALSE,TRUE,FALSE,standalone,,
rent_burdened_35_40,Affordability,Households with Rent as 35 - 40 Percent of Income,B25070_008,FALSE,FALSE,FALSE,TRUE,FALSE,standalone,,
rent_burdened_40_50,Affordability,Households with Rent as 40 - 50 Percent of Income,B25070_009,FALSE,FALSE,FALSE,TRUE,FALSE,standalone,,
rent_burdened_grtoeq_50,Affordability,Households with Rent as 50 or More Percent of Income,B25070_010,FALSE,FALSE,FALSE,TRUE,FALSE,standalone,,
rent_burdened,Affordability,Households Considered Rent Burdened,,FALSE,FALSE,FALSE,TRUE,TRUE,standalone,,
rent_burdened_pct,Affordability,Percent of Households Considered Rent Burdened,,FALSE,FALSE,FALSE,TRUE,TRUE,standalone,Percent of Households Considered Rent Burdened,The U.S. Census defines rent burden as those who spend more than 30 percent of their income on housing costs for renters. This data is general to the population and is an indicator of rent affordability in a location.
pop_grtoeq_16_wfh,Working from Home,"Population, Age 16 or Older Who Work From Home",,FALSE,FALSE,FALSE,TRUE,TRUE,standalone,,
pop_grtoeq_16_wfh_pct,Working from Home,"Percent of Population, Age 16 or Older Who Work From Home",S1811_C01_038,FALSE,FALSE,FALSE,TRUE,TRUE,standalone,"Percent of Population, Age 16 or Older Who Work From Home","The U.S. Census Bureau defines home-based workers as ""tele-work"" or those who perform work duties at home rather than travel to a separate workplace. "
pwd_grtoeq_16_wfh,Working from Home,"People with Disabilities, Age 16 or Older Who Work From Home",,FALSE,FALSE,FALSE,TRUE,TRUE,comp,,
pwd_grtoeq_16_wfh_pct,Working from Home,"Percent of People with Disabilities, Age 16 or Older Who Work From Home",S1811_C02_038,FALSE,FALSE,FALSE,TRUE,TRUE,comp,"Percent of Persons with Disabilities, Age 16 or Older Who Work From Home","The U.S. Census Bureau defines home-based workers as ""tele-work"" or those who perform work duties at home rather than travel to a separate workplace. "
pwod_grtoeq_16_wfh,Working from Home,"People without Disabilities, Age 16 or Older Who Work From Home",,FALSE,FALSE,FALSE,TRUE,TRUE,comp,,
pwod_grtoeq_16_wfh_pct,Working from Home,"Percent of People without Disabilities, Age 16 or Older Who Work From Home",S1811_C03_038,FALSE,FALSE,FALSE,TRUE,TRUE,comp,Percent of Persons without Disabilities Age 16 or Older Who Work From Home,"The U.S. Census Bureau defines home-based workers as ""tele-work"" or those who perform work duties at home rather than travel to a separate workplace. "
pop_fulltime,Full and Part Time Workers,"Population, Working Full-Time",C18121_002,FALSE,FALSE,FALSE,TRUE,FALSE,standalone,,
pwd_fulltime,Full and Part Time Workers,"People with Disabilities, Working Full-Time",C18121_003,FALSE,FALSE,FALSE,TRUE,FALSE,comp,,
pwd_fulltime_pct,Full and Part Time Workers,"Percent of People with Disabilities, Working Full-Time",,FALSE,FALSE,FALSE,TRUE,FALSE,comp,,
pwod_fulltime,Full and Part Time Workers,"People without Disabilities, Working Full-Time",C18121_004,FALSE,FALSE,FALSE,TRUE,FALSE,comp,,
pwod_fulltime_pct,Full and Part Time Workers,"Percent of People without Disabilities, Working Full-Time",,FALSE,FALSE,FALSE,TRUE,FALSE,comp,,
pop_not_fulltime,Full and Part Time Workers,"Population, Working Less Than Full-Time",C18121_005,FALSE,FALSE,FALSE,TRUE,FALSE,standalone,,
pwd_not_fulltime,Full and Part Time Workers,"People with Disabilities, Working Less Than Full-Time",C18121_006,FALSE,FALSE,FALSE,TRUE,FALSE,comp,,
pwd_not_fulltime_pct,Full and Part Time Workers,"Percent of People with Disabilities, Working Less Than Full-Time",,FALSE,FALSE,FALSE,TRUE,FALSE,comp,,
pwod_not_fulltime,Full and Part Time Workers,"People without Disabilities, Working Less Than Full-Time",C18121_007,FALSE,FALSE,FALSE,TRUE,FALSE,comp,,
pwod_not_fulltime_pct,Full and Part Time Workers,"Percent of People without Disabilities, Working Less Than Full-Time",,FALSE,FALSE,FALSE,TRUE,FALSE,comp,,
pop_didnotwork,Full and Part Time Workers,"Population, Did Not Work",C18121_008,FALSE,FALSE,FALSE,TRUE,FALSE,standalone,,
pwd_didnotwork,Full and Part Time Workers,"People with Disabilities, Did Not Work",C18121_009,FALSE,FALSE,FALSE,TRUE,FALSE,comp,,
pwod_didnotwork,Full and Part Time Workers,"People without Disabilities, Who Did Not Work",C18121_010,FALSE,FALSE,FALSE,TRUE,FALSE,comp,,
