var_readable,var_topic,var_pretty,var_database,is_demographics,is_community_living,is_community_participation,is_work_economic,display,display_type,national_dropdown_label,national_summary_text,var_base
pop_total,Overview,Total Population,S1810_C01_001,TRUE,FALSE,FALSE,FALSE,TRUE,standalone,,"The U.S. Census Bureau sample for reporting most disability data is the civilian noninstitutional population. This includes all people who live in the community. This does not include residents of institutions (e.g., penal and mental facilities, homes for the aged) nor active duty in the Armed Forces.",
pwd_pct,Overview,% People with Disability,,TRUE,FALSE,FALSE,FALSE,TRUE,standalone,People with and without Disabilities,"According to the U.S. Census Bureau, a person is considered to have a disability if they report one of six disability types (hearing, vision, cognitive, ambulatory, self-care, or independent living).",
pwod_pct,Overview,% People without Disability,,TRUE,FALSE,FALSE,FALSE,TRUE,standalone,,"According to the U.S. Census Bureau, a person is considered to have a disability if they do not report one of six disability types (hearing, vision, cognitive, ambulatory, self-care, or independent living).",
pwd_total,Overview,# People with Disability,S1810_C02_001,TRUE,FALSE,FALSE,FALSE,TRUE,standalone,,,
pwod_total,Overview,# People without Disability,,TRUE,FALSE,FALSE,FALSE,TRUE,standalone,,,
pwd_hearing_pct,Type of Disability,Type: % Hearing Disability,,TRUE,FALSE,FALSE,FALSE,TRUE,standalone,Type: Hearing Disability ,"According to the U.S. Census Bureau, a hearing disability is defined as being deaf or having serious difficulty hearing.",
pwd_vision_pct,Type of Disability,Type: % Vision Disability,,TRUE,FALSE,FALSE,FALSE,TRUE,standalone,Type: Vision Disability ,"According to the U.S. Census Bureau, a vision disability is defined as being blind or having serious difficulty seeing, even when wearing glasses",
pwd_cognitive_pct,Type of Disability,Type: % Cognitive Disability,,TRUE,FALSE,FALSE,FALSE,TRUE,standalone,Type: Cognitive Disability,"According to the U.S. Census Bureau, a cognitive disability is defined as having difficulty remembering, concentrating, or making decisions because of a physical, mental, or emotional problem.",
pwd_ambulatory_pct,Type of Disability,Type: % Mobility Disability,,TRUE,FALSE,FALSE,FALSE,TRUE,standalone,Type: Mobility Disability ,"According to the U.S. Census Bureau, a mobility or ambulatory disability is defined as having serious difficulty walking or climbing stairs.",
pwd_selfcare_pct,Type of Disability,Type: % Self Care Disability,,TRUE,FALSE,FALSE,FALSE,TRUE,standalone,Type: Self Care Disability ,"According to the U.S. Census Bureau, a self-care disability is defined as having difficulty bathing or dressing.",
pwd_indliving_pct,Type of Disability,Type: % Independent Living Disability,,TRUE,FALSE,FALSE,FALSE,TRUE,standalone,Type: Independent Living Disability,"According to the U.S. Census Bureau, an independent living disability is defined as having difficulty doing errands alone such as visiting a doctor's office or shopping because of a physical, mental, or emotional problem.",
pwd_hearing,Type of Disability,Type: # Hearing Disability,S1810_C02_019,TRUE,FALSE,FALSE,FALSE,TRUE,standalone,,,
pwd_vision,Type of Disability,Type: # Vision Disability,S1810_C02_029,TRUE,FALSE,FALSE,FALSE,TRUE,standalone,,,
pwd_cognitive,Type of Disability,Type: # Cognitive Disability ,S1810_C02_039,TRUE,FALSE,FALSE,FALSE,TRUE,standalone,,,
pwd_ambulatory,Type of Disability,Type: # Mobility Disability,S1810_C02_047,TRUE,FALSE,FALSE,FALSE,TRUE,standalone,,,
pwd_selfcare,Type of Disability,Type: # Self Care Disability,S1810_C02_055,TRUE,FALSE,FALSE,FALSE,TRUE,standalone,,,
pwd_indliving,Type of Disability,Type: # Independent Living Disability,S1810_C02_063,TRUE,FALSE,FALSE,FALSE,TRUE,standalone,,,
pwd_white_pct,Race and Ethnicity,Race & Ethnicity: % White with Disability,,TRUE,FALSE,FALSE,FALSE,TRUE,standalone,Race & Ethnicity: White ,"According to the U.S. Census Bureau, white is defined as a person having origins in any of the original peoples of Europe, the Middle East, or North Africa.",
pwd_black_pct,Race and Ethnicity,Race & Ethnicity: % Black or African American with Disability,,TRUE,FALSE,FALSE,FALSE,TRUE,standalone,Race & Ethnicity: Black or African American ,"According to the U.S. Census Bureau, Black or African American is defined as a person having origins in any of the Black racial groups of Africa.",
pwd_hisp_pct,Race and Ethnicity,Race & Ethnicity: % Hispanic with Disability,,TRUE,FALSE,FALSE,FALSE,TRUE,standalone,Race & Ethnicity: Hispanic,"According to the U.S. Census Bureau, Hispanic or Latino is defined as a person of Cuban, Mexican, Puerto Rican, South or Central American, or other Spanish culture or origin regardless of race.",
pwd_asian_pct,Race and Ethnicity,Race & Ethnicity: % Asian with Disability,,TRUE,FALSE,FALSE,FALSE,TRUE,standalone,Race & Ethnicity: Asian,"According to the U.S. Census Bureau, Asian is defined as a person with origins in of any of the original peoples of the Far East, Southeast Asia, or the Indian subcontinent including, for example, Cambodia, China, India, Japan, Korea, Malaysia, Pakistan, the Philippine Islands, Thailand, and Vietnam.",
pwd_other_pct,Race and Ethnicity,Race & Ethnicity: % Some other race with Disability,,TRUE,FALSE,FALSE,FALSE,TRUE,standalone,Race & Ethnicity: Some other race ,"According to the U.S. Census Bureau, other races include American Indian or Alaska Native with origins in any of the original peoples of North and South America (including Central America) and who maintains tribal affiliation or community attachment, and Native Hawaiian or Other Pacific Islander with origins in any of the original peoples of Hawaii, Guam, Samoa, or other Pacific Islands.",
pwd_white,Race and Ethnicity,Race & Ethnicity: # White with Disability,S1810_C02_004,TRUE,FALSE,FALSE,FALSE,TRUE,standalone,,,
pwd_black,Race and Ethnicity,Race & Ethnicity: # Black or African American with Disability,S1810_C02_005,TRUE,FALSE,FALSE,FALSE,TRUE,standalone,,,
pwd_hisp,Race and Ethnicity,Race & Ethnicity: # Hispanic with Disability,S1810_C02_012,TRUE,FALSE,FALSE,FALSE,TRUE,standalone,,,
pwd_asian,Race and Ethnicity,Race & Ethnicity: # Asian with Disability,S1810_C02_007,TRUE,FALSE,FALSE,FALSE,TRUE,standalone,,,
pwd_other,Race and Ethnicity,Race & Ethnicity: # Some other race with Disability,S1810_C02_009,TRUE,FALSE,FALSE,FALSE,TRUE,standalone,,,
pwd_white_nonhisp,Race and Ethnicity,"Race: # Not Hispanic, White with Disability",S1810_C02_011,TRUE,FALSE,FALSE,FALSE,FALSE,standalone,,,
pwd_white_nonhisp_pct,Race and Ethnicity,Race: % White Non-Hispanic with Disability,,TRUE,FALSE,FALSE,FALSE,FALSE,standalone,,"According to the U.S. Census Bureau, Hispanic or Latino is defined as a person of Cuban, Mexican, Puerto Rican, South or Central American, or other Spanish culture or origin regardless of race.",
pwd_other,Race and Ethnicity,Race & Ethnicity: # American Indian and Alaskan Native with Disability,S1810_C02_006,TRUE,FALSE,FALSE,FALSE,TRUE,standalone,,,
pwd_other,Race and Ethnicity,Race & Ethnicity: # Native Hawaiian or Other Pacific Islander with Disability,S1810_C02_008,TRUE,FALSE,FALSE,FALSE,TRUE,standalone,,,
pwd_other,Multiple Races,Race & Ethnicity: # Two or more races with Disability,S1810_C02_010,TRUE,FALSE,FALSE,FALSE,TRUE,standalone,Race & Ethnicity: Two or more races ,"According to the U.S. Census Bureau, two or more races is defined as more than one race category.",
pop_18_64,Age,"Age: Population, Age 18 - 34",S1810_C01_015,TRUE,FALSE,FALSE,FALSE,FALSE,standalone,,,
pop_18_64,Age,"Population, Age 35 - 64",S1810_C01_016,TRUE,FALSE,FALSE,FALSE,FALSE,standalone,,,
pwd_0_5,Age,"People with Disabilities, Age 0 - 5",S1810_C02_013,TRUE,FALSE,FALSE,FALSE,FALSE,standalone,,,
pwd_5_17,Age,"People with Disabilities, Age 5 - 17",S1810_C02_014,TRUE,FALSE,FALSE,FALSE,FALSE,standalone,,,
pwd_18_64,Age,"People with Disabilities, Age 18 - 34",S1810_C02_015,TRUE,FALSE,FALSE,FALSE,FALSE,standalone,,,
pwd_18_64,Age,"People with Disabilities, Age 35 - 64",S1810_C02_016,TRUE,FALSE,FALSE,FALSE,FALSE,standalone,,,
pwd_18_64_pct,Age,"Age: % with Disability, Age 18 - 64",,TRUE,FALSE,FALSE,FALSE,TRUE,standalone,,,
pwd_grtoeq_65_pct,Age,"Age: % with Disability, Age 65 or Older",,TRUE,FALSE,FALSE,FALSE,TRUE,standalone,,,
pwd_18_64,Age,"Age: # with Disability, Age 18 - 64",,TRUE,FALSE,FALSE,FALSE,TRUE,standalone,Age: Age 18 - 64,,
pop_grtoeq_65,Age,"Population, Age 65 - 74",S1810_C01_017,TRUE,FALSE,FALSE,FALSE,FALSE,standalone,,,
pop_grtoeq_65,Age,"Population, Age 75 or Older",S1810_C01_018,TRUE,FALSE,FALSE,FALSE,FALSE,standalone,,,
pwd_grtoeq_65,Age,"People with Disabilities, Age 65 - 74",S1810_C02_017,TRUE,FALSE,FALSE,FALSE,FALSE,standalone,,,
pwd_grtoeq_65,Age,"People with Disabilities, Age 75 or Older",S1810_C02_018,TRUE,FALSE,FALSE,FALSE,FALSE,standalone,,,
pwd_grtoeq_65,Age,"Age # with Disability, Age 65 or Older",,TRUE,FALSE,FALSE,FALSE,TRUE,standalone,Age: Age 65 and Older ,,
pop_female,Sex,Sex: # Female Population,S1810_C01_003,TRUE,FALSE,FALSE,FALSE,TRUE,standalone,,,
pop_male,Sex,Sex: # Male Population,S1810_C01_002,TRUE,FALSE,FALSE,FALSE,TRUE,standalone,,,
female_pwd_pct,Sex,Sex: % Female with Disability,,TRUE,FALSE,FALSE,FALSE,TRUE,standalone,Sex: Female  ,"According to the U.S. Census, biological sex is defined as female or male.",
male_pwd_pct,Sex,Sex: % Male with Disability,,TRUE,FALSE,FALSE,FALSE,TRUE,standalone,Sex: Male,"According to the U.S. Census, biological sex is defined as female or male.",
pwd_female,Sex,Sex: # Female with Disability,S1810_C02_003,TRUE,FALSE,FALSE,FALSE,TRUE,standalone,,,
pwd_female_pct,Sex,Percent of Female Population with Disabilities,,TRUE,FALSE,FALSE,FALSE,FALSE,standalone,,,
pwd_male,Sex,Sex: # Male with Disability,S1810_C02_002,TRUE,FALSE,FALSE,FALSE,TRUE,standalone,,,
pwd_male_pct,Sex,Percent of Male Population with Disability,,TRUE,FALSE,FALSE,FALSE,FALSE,standalone,,,
pop_total,Overview,Population,S2601A_C01_001,FALSE,TRUE,FALSE,FALSE,FALSE,standalone,,"The U.S. Census Bureau universe for reporting Community Living data (such as group quarters) is the noninstitutional and institutional populations, which includes persons who are inmates of institutions (e.g., penal and mental facilities, homes for the aged), and who are on active duty in the Armed Forces.",
pwd_total,Overview,People with Disabilities,,FALSE,TRUE,FALSE,FALSE,FALSE,standalone,,,
pwd_pct,Overview,Percent of People with Disabilities,S2601A_C01_047,FALSE,TRUE,FALSE,FALSE,FALSE,standalone,,"According to the U.S. Census Bureau, a person is considered to have a disability if they report one of six disability types (hearing, vision, cognitive, ambulatory, self-care, or independent living).",
pwd_home_pct,Living Situation,Living Situation: % Living at Home with Disability,,FALSE,TRUE,FALSE,FALSE,TRUE,story,Living Situation: Living at Home in Community  ,"According to the U.S. Census, people living at home includes people living in the community alone or with their families.",
pwd_grpquarters_noninstitution_pct,Living Situation,Living Situation: % Living at Community Group Quarters with Disability,,FALSE,TRUE,FALSE,FALSE,TRUE,story,Living Situation: Living in Group Quarters in Community  ,"According to the U.S. Census, people living in the community in group quarters include residences like group homes, missions or shelters",
pwd_grpquarters_institution_pct,Living Situation,Living Situation: % Living at Institution with Disability,,FALSE,TRUE,FALSE,FALSE,TRUE,story,Living Situation: Living in an Institution ,"According to the U.S. Census, institutional living includes correctional facilities, nursing homes and mental hospitals.",
pwd_home,Living Situation,Living Situation: # Living at Home with Disability,,FALSE,TRUE,FALSE,FALSE,TRUE,story,,"According to the U.S. Census, people living at home includes people living in the community alone or with their families.",
pwd_grpquarters_noninstitution,Living Situation,Living Situation: # Living at Community Group Quarters with Disability,,FALSE,TRUE,FALSE,FALSE,TRUE,story,,"According to the U.S. Census, people living in the community in group quarters include residences like group homes, missions or shelters",
pop_grpquarters_noninstitution,Living Situation,Living Situation: # Living at Community Group Quarters without Disability,S2601A_C04_001,FALSE,TRUE,FALSE,FALSE,TRUE,story,,,
pwd_grpquarters_institution,Living Situation,Living Situation: # Living at Institution with Disability,,FALSE,TRUE,FALSE,FALSE,TRUE,story,,"According to the U.S. Census, institutional living includes correctional facilities, nursing homes and mental hospitals.",
pop_grpquarters_institution,Living Situation,Living Situation: # Living at Institution without Disability,S2601A_C03_001,FALSE,TRUE,FALSE,FALSE,TRUE,story,,,
pop_grpquarters,Living in Group Quarters,"Population, Living in Group Quarters",S2601A_C02_001,FALSE,TRUE,FALSE,FALSE,FALSE,story,,,
pwd_grpquarters_pct,Living in Group Quarters,"People with Disabilities, Living in Group Quarters",S2601A_C02_047,FALSE,TRUE,FALSE,FALSE,FALSE,story,,,
grpquarters_pct,Living in Group Quarters,"Percent of Population, Living in Group Quarters",,FALSE,TRUE,FALSE,FALSE,FALSE,story,,,
pop_grpquarters_noninstitution_pwd_pct,Living at Home/Community: Group Quarters,Living Situation: % Community Group Quarters with Disability,S2601A_C04_047,FALSE,TRUE,FALSE,FALSE,FALSE,story,,,
pop_grpquarters_institution_pwd_pct,Living in Institution: Group Quarters,"Percent of People Living in Group Quarters, Institutionalized, with Disabilities",S2601A_C03_047,FALSE,TRUE,FALSE,FALSE,FALSE,story,,,
pop_nursing,Living in Institution: Nursing Home,Institution: # Nursing Homes without Disability,S2602_C04_001,FALSE,TRUE,FALSE,FALSE,FALSE,story,,,
pop_18_64,Living in Institution: Nursing Home,"Institution:# Living in Nursing Homes, Age 18 - 64",S2602_C01_047,FALSE,TRUE,FALSE,FALSE,FALSE,story,,,
pwd_18_64,Living in Institution: Nursing Home,"People with Disabilities, Age 18 - 64",,FALSE,TRUE,FALSE,FALSE,FALSE,story,,,
pwd_18_64_pct,Living in Institution: Nursing Home,"Percent of People with Disabilities, Age 18 - 64",S2602_C01_048,FALSE,TRUE,FALSE,FALSE,FALSE,story,,,
pop_nursing_18_24,Living in Institution: Nursing Home,"Population Living in Nursing Homes, Age 18 - 24",S2602_C04_006,FALSE,TRUE,FALSE,FALSE,FALSE,story,,,
pop_nursing_25_34,Living in Institution: Nursing Home,"Population Living in Nursing Homes, Age 25 - 34",S2602_C04_007,FALSE,TRUE,FALSE,FALSE,FALSE,story,,,
pop_nursing_35_44,Living in Institution: Nursing Home,"Population Living in Nursing Homes, Age 35 - 44",S2602_C04_008,FALSE,TRUE,FALSE,FALSE,FALSE,story,,,
pop_nursing_45_54,Living in Institution: Nursing Home,"Population Living in Nursing Homes, Age 45 - 54",S2602_C04_009,FALSE,TRUE,FALSE,FALSE,FALSE,story,,,
pop_nursing_55_64,Living in Institution: Nursing Home,"Population Living in Nursing Homes, Age 55 - 64",S2602_C04_010,FALSE,TRUE,FALSE,FALSE,FALSE,story,,,
pwd_nursing_18_64_pct,Institution,"Institution: % Living in Nursing Homes with Disabilities, Age 18 - 64 ",,FALSE,TRUE,FALSE,FALSE,TRUE,story,"Institution: Living in Nursing Homes , Age 18 - 64 ","According to the U.S. Census, people live in nursing homes includes people living in skilled nursing facilities.",
pwd_corrections_pct,Institution,Institution: % Correctional Facilities with Disability,,FALSE,TRUE,FALSE,FALSE,TRUE,story,Institution: Living in Correctional Facilities ,"According to the Bureau of Justice Statistics, adult correctional facilities include prisons and prison farms; reception, diagnostic, and classification centers; facilities for parole violators; road and forestry correctional camps; facilities for youthful offenders; and drug and alcohol treatment facilities.",
pop_corrections_pct,Institution,Institution: % Correctional Facilities without Disability,,FALSE,TRUE,FALSE,FALSE,TRUE,story,,,
pwd_nursing_18_64,Institution,"Institution: # Living in Nursing Homes with Disability, Age 18 - 64 ",,FALSE,TRUE,FALSE,FALSE,TRUE,story,,,
pwd_corrections,Institution,Institution: # Correctional Facilities with Disability,B26108_038,FALSE,TRUE,FALSE,FALSE,TRUE,story,,,
pop_corrections,Institution,Institution: # Correctional Facilities without Disability,B26108_037,FALSE,TRUE,FALSE,FALSE,TRUE,story,,"According to the Bureau of Justice Statistics, adult correctional facilities include prisons and prison farms; reception, diagnostic, and classification centers; facilities for parole violators; road and forestry correctional camps; facilities for youthful offenders; and drug and alcohol treatment facilities.",
pop_19_64,Overview,Population Age 19 - 64,B18135_013,FALSE,FALSE,TRUE,FALSE,FALSE,standalone,,,
pwd_19_64,Overview,"People with Disabilities,Age 19 - 64",B18135_014,FALSE,FALSE,TRUE,FALSE,FALSE,comp,,,19_64
pwod_19_64,Overview,"People without Disabilities, Age 19 - 64",B18135_019,FALSE,FALSE,TRUE,FALSE,FALSE,comp,,,19_64
pop_grtoeq_65,Overview,Population Age 65 or Older,B18135_024,FALSE,FALSE,TRUE,FALSE,FALSE,standalone,,,
pwd_grtoeq_65,Overview,"People with Disabilities, Age 65 or Older",B18135_025,FALSE,FALSE,TRUE,FALSE,FALSE,comp,,,grtoeq_65
pwod_grtoeq_65,Overview,"People without Disabilities, Age 65 or Older",B18135_030,FALSE,FALSE,TRUE,FALSE,FALSE,comp,,,grtoeq_65
pwd_19_64_uninsured_pct,No Health Insurance,"Insurance: % without health insurance with Disability, Age 19 - 64 ",,FALSE,FALSE,TRUE,FALSE,TRUE,comp,"Insurance: No Health Insurance, Age 19-64 ","According to the U.S. Census, people without insurance do not have any kind of insurance. For more information on insurance coverage please visit ***ASK JOY WEBSITE***",19_64_uninsured_pct
pwod_19_64_uninsured_pct,No Health Insurance,"Insurance: % without health insurance without Disability, Age 19 - 64 ",,FALSE,FALSE,TRUE,FALSE,TRUE,comp,,"According to the U.S. Census, people without insurance do not have any kind of insurance.",19_64_uninsured_pct
pwd_grtoeq_65_uninsured_pct,No Health Insurance,"Insurance: % without health insurance with Disability, Age 65 or Older",,FALSE,FALSE,TRUE,FALSE,TRUE,comp,,"According to the U.S. Census, people without insurance do not have any kind of insurance.",grtoeq_65_uninsured_pct
pwod_grtoeq_65_uninsured_pct,Health Insurance: Uninsured,"Insurance: % without health insurance without Disability, Age 65 or Older",,FALSE,FALSE,TRUE,FALSE,TRUE,comp,,"According to the U.S. Census, people without insurance do not have any kind of insurance.",grtoeq_65_uninsured_pct
pwd_19_64_uninsured,No Health Insurance,"Insurance: # without health insurance with Disability, Age 19 - 64",B18135_018,FALSE,FALSE,TRUE,FALSE,TRUE,comp,,,19_64_uninsured
pwod_19_64_uninsured,No Health Insurance,"Insurance: # without health insurance without Disability, Age 19 - 64",B18135_023,FALSE,FALSE,TRUE,FALSE,TRUE,comp,,,19_64_uninsured
pwd_grtoeq_65_uninsured,No Health Insurance,"Insurance:# without health insurance with Disability, Age 65 or Older",B18135_029,FALSE,FALSE,TRUE,FALSE,TRUE,comp,,,grtoeq_65_uninsured
pwod_grtoeq_65_uninsured,No Health Insurance,"Insurance: # without health insurance without Disability, Age 65 or Older",B18135_034,FALSE,FALSE,TRUE,FALSE,TRUE,comp,,,grtoeq_65_uninsured
pwd_19_64_insured_pct,Yes Health Insurance,"Insurance: % with health Insurance with Disability, Age 19 - 64",,FALSE,FALSE,TRUE,FALSE,TRUE,comp,"Insurance: with Health Insurance, Age 19-64 ","According to the U.S. Census, people with insurance have insurance provided by any means including from their employer, directly from an insurance company, from Medicare or Medicaid, or other government healthcare program (like the VA, Tricare or Indian Health Service). For more information on insurance coverage please visit ***ASK JOY WEBSITE***",19_64_insured_pct
pwod_19_64_insured_pct,Yes Health Insurance,"Insurance: % with health insurance without Disability, Age 19 - 64",,FALSE,FALSE,TRUE,FALSE,TRUE,comp,,"According to the U.S. Census, people with insurance have insurance provided by any means including from their employer, directly from an insurance company, from Medicare or Medicaid, or other government healthcare program (like the VA, Tricare or Indian Health Service).",19_64_insured_pct
pwd_grtoeq_65_insured_pct,Yes Health Insurance,"Insurance: % with health insurance with Disability, Age 65 or Older",,FALSE,FALSE,TRUE,FALSE,TRUE,comp,,"According to the U.S. Census, people with insurance have insurance provided by any means including from their employer, directly from an insurance company, from Medicare or Medicaid, or other government healthcare program (like the VA, Tricare or Indian Health Service).",grtoeq_65_insured_pct
pwod_grtoeq_65_insured_pct,Yes Health Insurance,"Insurance: % with health insurance without Disability, Age 65 or Older",,FALSE,FALSE,TRUE,FALSE,TRUE,comp,,"According to the U.S. Census, people with insurance have insurance provided by any means including from their employer, directly from an insurance company, from Medicare or Medicaid, or other government healthcare program (like the VA, Tricare or Indian Health Service).",grtoeq_65_insured_pct
pwd_19_64_insured,Yes Health Insurance,"Insurance: # with health insurance with Disability, Age 19 - 64",B18135_015,FALSE,FALSE,TRUE,FALSE,TRUE,comp,,,19_64_insured
pwod_19_64_insured,Yes Health Insurance,"Insurance: # with health insurance without Disability, Age 19 - 64",B18135_020,FALSE,FALSE,TRUE,FALSE,TRUE,comp,,,19_64_insured
pwd_grtoeq_65_insured,Yes Health Insurance,"Insurance: # with health insurance with Disability, Age 65 or Older ",B18135_026,FALSE,FALSE,TRUE,FALSE,TRUE,comp,,,grtoeq_65_insured
pwod_grtoeq_65_insured,Yes Health Insurance,"Insurance: # with health insurance without Disability, Age 65 or Older",B18135_031,FALSE,FALSE,TRUE,FALSE,TRUE,comp,,,grtoeq_65_insured
pwd_19_64_insured_public,Public or Private Health Insurance: Public,"Insurance: # public health insurance with Disabilities, Age 19 - 64",B18135_017,FALSE,FALSE,TRUE,FALSE,FALSE,comp,,,19_64_insured_public
pwd_19_64_insured_public_pct,Public or Private Health Insurance: Public,"Insurance: % with public health insurance with Disabilities, Age 19 - 64 ",,FALSE,FALSE,TRUE,FALSE,FALSE,comp,,"According to the U.S. Census, people with public insurance have insurance provided by Medicare (for people aged 65 and older or people with certain disabilities) or Medicaid (for people with low incomes or a disability).",19_64_insured_public_pct
pwod_19_64_insured_public,Public or Private Health Insurance: Public,"Insurance: # with public health insurance without Disabilities, Age 19 - 64",B18135_022,FALSE,FALSE,TRUE,FALSE,FALSE,comp,,,19_64_insured_public
pwod_19_64_insured_public_pct,Public or Private Health Insurance: Public,"Insurance: % with public health insurance without Disabilities, Age 19 - 64",,FALSE,FALSE,TRUE,FALSE,FALSE,comp,,"According to the U.S. Census, people with public insurance have insurance provided by Medicare (for people aged 65 and older or people with certain disabilities) or Medicaid (for people with low incomes or a disability).",19_64_insured_public_pct
pwd_grtoeq_65_insured_public,Public or Private Health Insurance: Public,"Insurance: # public health insurance with Disabilities, Age 65 or Older",B18135_028,FALSE,FALSE,TRUE,FALSE,FALSE,comp,,,grtoeq_65_insured_public
pwd_grtoeq_65_insured_public_pct,Public or Private Health Insurance: Public,"Insurance: % with public health insurance with Disabilities, Age 65 or Older ",,FALSE,FALSE,TRUE,FALSE,FALSE,comp,,"According to the U.S. Census, people with public insurance have insurance provided by Medicare (for people aged 65 and older or people with certain disabilities) or Medicaid (for people with low incomes or a disability).",grtoeq_65_insured_public_pct
pwod_grtoeq_65_insured_public,Public or Private Health Insurance: Public,"Insurance: # with public health insurance without Disabilities, Age 65 or Older",B18135_033,FALSE,FALSE,TRUE,FALSE,FALSE,comp,,,grtoeq_65_insured_public
pwod_grtoeq_65_insured_public_pct,Public or Private Health Insurance: Public,"Insurance: % with public health insurance without Disabilities, Age 65 or Older",,FALSE,FALSE,TRUE,FALSE,FALSE,comp,,"According to the U.S. Census, people with public insurance have insurance provided by Medicare (for people aged 65 and older or people with certain disabilities) or Medicaid (for people with low incomes or a disability).",grtoeq_65_insured_public_pct
pwd_19_64_insured_private,Public or Private Health Insurance: Private,"Insurance: # with private health insurance with Disabilities, Age 19 - 64",B18135_016,FALSE,FALSE,TRUE,FALSE,FALSE,comp,,,19_64_insured_private
pwd_19_64_insured_private_pct,Public or Private Health Insurance: Private,"Insurance: % with private health insurance with Disabilities, Age 19 - 64 ",,FALSE,FALSE,TRUE,FALSE,FALSE,comp,,"According to the U.S. Census, people with private insurance have insurance provided from a current or former employer or union or have directly purchased insurance from an insurance company.",19_64_insured_private_pct
pwod_19_64_insured_private,Public or Private Health Insurance: Private,"Insurance: # with private health insurance without Disabilities, Age 19 - 64",B18135_021,FALSE,FALSE,TRUE,FALSE,FALSE,comp,,,19_64_insured_private
pwod_19_64_insured_private_pct,Public or Private Health Insurance: Private,"Insurance: % with private health insurance without Disabilities, Age 19 - 64 ",,FALSE,FALSE,TRUE,FALSE,FALSE,comp,,"According to the U.S. Census, people with private insurance have insurance provided from a current or former employer or union or have directly purchased insurance from an insurance company.",19_64_insured_private_pct
pwd_grtoeq_65_insured_private,Public or Private Health Insurance: Private,"Insurance: # with private health insurance with Disabilities, Age 65 or Older",B18135_027,FALSE,FALSE,TRUE,FALSE,FALSE,comp,,,grtoeq_65_insured_private
pwd_grtoeq_65_insured_private_pct,Public or Private Health Insurance: Private,"Insurance: % with private health insurance with Disabilities, Age 65 or Older",,FALSE,FALSE,TRUE,FALSE,FALSE,comp,,"According to the U.S. Census, people with private insurance have insurance provided from a current or former employer or union or have directly purchased insurance from an insurance company.",grtoeq_65_insured_private_pct
pwod_grtoeq_65_insured_private,Public or Private Health Insurance: Private,"Insurance: # with private health insurance without Disabilities, Age 65 or Older",B18135_032,FALSE,FALSE,TRUE,FALSE,FALSE,comp,,,grtoeq_65_insured_private
pwod_grtoeq_65_insured_private_pct,Public or Private Health Insurance: Private,"Insurance: % with private health insurance without Disabilities, Age 65 or Older",,FALSE,FALSE,TRUE,FALSE,FALSE,comp,,"According to the U.S. Census, people with private insurance have insurance provided from a current or former employer or union or have directly purchased insurance from an insurance company.",grtoeq_65_insured_private_pct
pop_commute_public,Public Transit,Commute to work: # Public Transit,,FALSE,FALSE,TRUE,FALSE,FALSE,standalone,,,
pop_commute_public_pct,Public Transit,Commute to work: % Public Transit,S1811_C01_035,FALSE,FALSE,TRUE,FALSE,FALSE,standalone,,"According to the U.S. Census Bureau, commuting by public transportation includes people who take the bus, subway, elevated train, long distance train, commuter rail, light rail street car, trolley or ferry boat to work. Darker colored states indicate a greater percent of people using public transit to go to work.",
pwd_commute_public_pct,Transportation,Transportation: % Commute to work with Public Transit with Disability,S1811_C02_035,FALSE,FALSE,TRUE,FALSE,TRUE,comp,Transportation: Uses Public Transportation to work,"According to the U.S. Census Bureau, commuting by public transportation includes people who take the bus, subway, elevated train, long distance train, commuter rail, light rail street car, trolley or ferry boat to work. Darker colored states indicate a greater percent of people using public transit to go to work.",commute_public_pct
pwod_commute_public_pct,Transportation,Transportation: % Commute to work with Public Transit without Disability,S1811_C03_035,FALSE,FALSE,TRUE,FALSE,TRUE,comp,,"According to the U.S. Census Bureau, commuting by public transportation includes people who take the bus, subway, elevated train, long distance train, commuter rail, light rail street car, trolley or ferry boat to work. Darker colored states indicate a greater percent of people using public transit to go to work.",commute_public_pct
pwd_commute_car_alone_pct,Transportation,Transportation: % Commute to work with own vehicle with Disability,S1811_C02_033,FALSE,FALSE,TRUE,FALSE,TRUE,comp,Transportation: Uses Own Vehicle to work ,"According to the U.S. Census Bureau, commuting by private vehicle includes driving in a car, truck or van to work. Darker colored states indicate a greater percent of people using a private vehicle to go to work.",commute_car_alone_pct
pwod_commute_car_alone_pct,Transportation,Transportation: % Commute to work with own vehicle without Disability,S1811_C03_033,FALSE,FALSE,TRUE,FALSE,TRUE,comp,,"According to the U.S. Census Bureau, commuting by private vehicle includes driving in a car, truck or van to work. Darker colored states indicate a greater percent of people using a private vehicle to go to work.",commute_car_alone_pct
pwd_commute_public,Transportation,Transportation: # Commute to work with Public Transit with Disability,,FALSE,FALSE,TRUE,FALSE,TRUE,comp,,,commute_public
pwod_commute_public,Transportation,Transportation: # Commute to work Public Transit without Disability,,FALSE,FALSE,TRUE,FALSE,TRUE,comp,,,commute_public
pop_commute_car_alone,Private Vehicle,Commute to work: # Driving Alone,,FALSE,FALSE,TRUE,FALSE,FALSE,standalone,,,
pop_commute_car_alone_pct,Private Vehicle,Commute to work: % Driving Alone,S1811_C01_033,FALSE,FALSE,TRUE,FALSE,FALSE,standalone,,"According to the U.S. Census Bureau, commuting by private vehicle includes driving in a car, truck or van to work. Darker colored states indicate a greater percent of people using a private vehicle to go to work.",
pwd_commute_car_alone,Transportation,Transportation: # Commute to work with own vehicle with Disability,,FALSE,FALSE,TRUE,FALSE,TRUE,comp,,,commute_car_alone
pwod_commute_car_alone,Transportation,Transportation: # Commute to work with own vehicle without Disability,,FALSE,FALSE,TRUE,FALSE,TRUE,comp,,,commute_car_alone
pwd_lessthan_highschool_pct,Education,Education: % No High School Diploma with Disability,S1811_C02_040,FALSE,FALSE,TRUE,FALSE,TRUE,comp,"Education: No High School Diploma or Equivalent, Age 25 and above ","According the U.S. Census Bureau, educational attainment is defined by the highest grade completed or highest degree obtained.",lessthan_highschool_pct
pwod_lessthan_highschool_pct,Education,Education:% No High School Diploma without Disability,S1811_C03_040,FALSE,FALSE,TRUE,FALSE,TRUE,comp,,,lessthan_highschool_pct
pwd_highschoolequiv_pct,Education,Education: % High School Diploma or Equivalent with Disability ,S1811_C02_041,FALSE,FALSE,TRUE,FALSE,FALSE,comp,"Education: High School Diploma or Equivalent, Age 25 and above ",,highschoolequiv_pct
pwod_highschoolequiv_pct,Education,Education: % High School Diploma or Equivalent without Disability,S1811_C03_041,FALSE,FALSE,TRUE,FALSE,FALSE,comp,,,highschoolequiv_pct
pwd_degree_aa_pct,High School Diploma or Not: Yes,Education: % Associate's Degree with Disabilities,S1811_C02_042,FALSE,FALSE,TRUE,FALSE,FALSE,comp,,,degree_aa_pct
pwod_degree_aa_pct,High School Diploma or Not: Yes,Education:% Associate's Degree without Disabilities,S1811_C03_042,FALSE,FALSE,TRUE,FALSE,FALSE,comp,,,degree_aa_pct
pwd_degree_grtoeq_ba_pct,Education,Education: %  Bachelor's Degree or Higher with Disability,S1811_C02_043,FALSE,FALSE,TRUE,FALSE,TRUE,comp,"Education: Bachelors Degree or Higher, Age 25 and above ","According the U.S. Census Bureau, educational attainment is defined by the highest grade completed or highest degree obtained.",degree_grtoeq_ba_pct
pwod_degree_grtoeq_ba_pct,Education,Education: % Bachelor's Degree or Higher without Disability,S1811_C03_043,FALSE,FALSE,TRUE,FALSE,TRUE,comp,,,degree_grtoeq_ba_pct
pwd_below_poverty_pct,Below Poverty Level,Poverty: % Below Poverty with Disability,,FALSE,FALSE,FALSE,TRUE,TRUE,comp,Poverty: Living Below Poverty ,"The U.S. Census Bureau defines living below the poverty threshold as making less than $23,011 for one person, $17,196 for a couple or $26,172 for a family of 4. Poverty status is not determined for people in institutions.",below_poverty_pct
pwod_below_poverty_pct,Below Poverty Level,Poverty: % Below Poverty without Disability,,FALSE,FALSE,FALSE,TRUE,TRUE,comp,,"The U.S. Census Bureau defines living below the poverty threshold as making less than $23,011 for one person, $17,196 for a couple or $26,172 for a family of 4. Poverty status is not determined for people in institutions.",below_poverty_pct
pwd_below_poverty,Below Poverty Level,Poverty: # Below Poverty with Disability,C18130_011,FALSE,FALSE,FALSE,TRUE,TRUE,comp,,,below_poverty
pwod_below_poverty,Below Poverty Level,Poverty:  # Below Poverty without Disability,C18130_014,FALSE,FALSE,FALSE,TRUE,TRUE,comp,,,below_poverty
pwd_atorabove_poverty_pct,At or Above Poverty Level,Poverty: % At or Above Poverty with Disability,,FALSE,FALSE,FALSE,TRUE,TRUE,comp,,"The U.S. Census Bureau defines living at or above the poverty threshold as making equal or more than $23,011 for one person, $17,196 for a couple or $26,172 for those under 65 years old.?Poverty status is not determined for people in institutions.",atorabove_poverty_pct
pwod_atorabove_poverty_pct,At or Above Poverty Level,Poverty: % At or Above Poverty without Disability,,FALSE,FALSE,FALSE,TRUE,TRUE,comp,,"The U.S. Census Bureau defines living at or above the poverty threshold as making equal or more than $23,011 for one person, $17,196 for a couple or $26,172 for those under 65 years old.?Poverty status is not determined for people in institutions.",atorabove_poverty_pct
pwd_atorabove_poverty,At or Above Poverty Level,Poverty: # At or Above Poverty with Disability,C18130_012,FALSE,FALSE,FALSE,TRUE,TRUE,comp,,,atorabove_poverty
pwod_atorabove_poverty,At or Above Poverty Level,Poverty: # At or Above Poverty without Disability,C18130_015,FALSE,FALSE,FALSE,TRUE,TRUE,comp,,,atorabove_poverty
pwd_grtoeq_16_med_individual_income,Income,Income: Median Income with Disability,B18140_002,FALSE,FALSE,FALSE,TRUE,TRUE,comp,"Income: Median Income, age 16 and older ($)","The U.S. Census Bureau indicates that median individual income is the income cut-off where half of the households in a state earn more, and half earn less.",grtoeq_16_med_individual_income
pwod_grtoeq_16_med_individual_income,Income,Income: Median Income without Disability,B18140_005,FALSE,FALSE,FALSE,TRUE,TRUE,comp,,"The U.S. Census Bureau indicates that median individual income is the income cut-off where half of the households in a state earn more, and half earn less.",grtoeq_16_med_individual_income
pwd_employed_pct,Employed,Employment: % Employed with Disability,,FALSE,FALSE,FALSE,TRUE,TRUE,comp,Employment: Employed ,"According to the U.S. Census, people who are employed includes all civilians 16 years old and over who work as paid employees, work in their own business or profession, or worked on their own farm. This does not include  people whose only activity consisted of work around the house or unpaid volunteer work for religious, charitable, and similar organizations nor people on active duty in the United States Armed Forces.",employed_pct
pwod_employed_pct,Employed,Employment: % Employed without Disability,,FALSE,FALSE,FALSE,TRUE,TRUE,comp,,"According to the U.S. Census, people who are employed includes all civilians 16 years old and over who work as paid employees, work in their own business or profession, or worked on their own farm (Excluded from the employed are people whose only activity consisted of work around the house or unpaid volunteer work for religious, charitable, and similar organizations; also excluded are people on active duty in the United States Armed Forces.)",employed_pct
pwd_employed,Employed,Employment: # Employed with Disability,C18120_004,FALSE,FALSE,FALSE,TRUE,TRUE,comp,,,employed
pwod_employed,Employed,Employment: # Employed without Disability,C18120_005,FALSE,FALSE,FALSE,TRUE,TRUE,comp,,,employed
pwd_unemployed_pct,Unemployed,Employment: % Unemployed with Disability,,FALSE,FALSE,FALSE,TRUE,TRUE,comp,Employment: Unemployed,"According to the U.S. Census, people who are unemployed includes all civilians 16 years old who are not employed and were actively looking for work and are available to accept a job.",unemployed_pct
pwod_unemployed_pct,Unemployed,Employment: % Unemployed without Disability,,FALSE,FALSE,FALSE,TRUE,TRUE,comp,,"According to the U.S. Census, people who are unemployed includes all civilians 16 years old who are not employed and were actively looking for work and are available to accept a job.",unemployed_pct
pwd_unemployed,Unemployed,Employment: # Unemployed with Disability,C18120_007,FALSE,FALSE,FALSE,TRUE,TRUE,comp,,,unemployed
pwod_unemployed,Unemployed,Employment: # Unemployed without Disability,C18120_008,FALSE,FALSE,FALSE,TRUE,TRUE,comp,,,unemployed
pwd_notlabor_pct,Not In Labor Force,Employment: % Not in Labor Force with Disability,,FALSE,FALSE,FALSE,TRUE,TRUE,comp,Employment: Not in Labor Force,"According to the U.S. Census, people who are not in labor force includes all people 16 years old and over who have no job and who are not looking for one. They are not classified as members of the labor force (those who are employed or unemployed). People not in the labor force include students, housewives, retired workers, seasonal workers interviewed in an off season who were not looking for work, institutionalized people, and people doing only incidental unpaid family work (less than 15 hours/week).",notlabor_pct
pwod_notlabor_pct,Not In Labor Force,Employment: % Not in Labor Force without Disability,,FALSE,FALSE,FALSE,TRUE,TRUE,comp,,"According to the U.S. Census, people who are not in labor force includes all people 16 years old and over who have no job and who are not looking for one. They are not classified as members of the labor force (those who are employed or unemployed). People not in the labor force include students, housewives, retired workers, seasonal workers interviewed in an off season who were not looking for work, institutionalized people, and people doing only incidental unpaid family work (less than 15 hours/week).",notlabor_pct
pwd_notlabor,Not In Labor Force,Employment: # Not in Labor Force with Disability,C18120_010,FALSE,FALSE,FALSE,TRUE,TRUE,comp,,,notlabor
pwod_notlabor,Not In Labor Force,Employment: # Not in Labor Force without Disability,C18120_011,FALSE,FALSE,FALSE,TRUE,TRUE,comp,,,notlabor
mortgage_burdened_30_35,Affordability,Households with Mortgage as 30 - 35 Percent of Income,B25091_008,FALSE,FALSE,FALSE,TRUE,FALSE,standalone,,,
mortgage_burdened_35_40,Affordability,Households with Mortgage as 35 - 40 Percent of Income,B25091_009,FALSE,FALSE,FALSE,TRUE,FALSE,standalone,,,
mortgage_burdened_40_50,Affordability,Households with Mortgage as 40 - 50 Percent of Income,B25091_010,FALSE,FALSE,FALSE,TRUE,FALSE,standalone,,,
mortgage_burdened_grtoeq_50,Affordability,Households with Mortgage as 50 or More Percent of Income,B25091_011,FALSE,FALSE,FALSE,TRUE,FALSE,standalone,,,
mortgage_burdened,Affordability,Households Considered Mortgage Burdened,,FALSE,FALSE,FALSE,TRUE,FALSE,standalone,,,
mortgage_burdened_pct,Affordability,Percent of Households Considered Mortgage Burdened,,FALSE,FALSE,FALSE,TRUE,FALSE,standalone,,The U.S. Census defines owner or mortgage burden as those who spend more than 30 percent of their income on housing costs for homeowners. This data is general to the population and is an indicator of housing affordability in a location.,
rent_burdened_30_35,Affordability,Households with Rent as 30 - 35 Percent of Income,B25070_007,FALSE,FALSE,FALSE,TRUE,FALSE,standalone,,,
rent_burdened_35_40,Affordability,Households with Rent as 35 - 40 Percent of Income,B25070_008,FALSE,FALSE,FALSE,TRUE,FALSE,standalone,,,
rent_burdened_40_50,Affordability,Households with Rent as 40 - 50 Percent of Income,B25070_009,FALSE,FALSE,FALSE,TRUE,FALSE,standalone,,,
rent_burdened_grtoeq_50,Affordability,Households with Rent as 50 or More Percent of Income,B25070_010,FALSE,FALSE,FALSE,TRUE,FALSE,standalone,,,
rent_burdened,Affordability,Households Considered Rent Burdened,,FALSE,FALSE,FALSE,TRUE,FALSE,standalone,,,
rent_burdened_pct,Affordability,Percent of Households Considered Rent Burdened,,FALSE,FALSE,FALSE,TRUE,FALSE,standalone,,The U.S. Census defines rent burden as those who spend more than 30 percent of their income on housing costs for renters. This data is general to the population and is an indicator of rent affordability in a location.,
pop_grtoeq_16_wfh,Working from Home,"Population, Age 16 or Older Who Work From Home",,FALSE,FALSE,FALSE,TRUE,FALSE,standalone,,,
pop_grtoeq_16_wfh_pct,Working from Home,"Percent of Population, Age 16 or Older Who Work From Home",S1811_C01_038,FALSE,FALSE,FALSE,TRUE,FALSE,standalone,,"The U.S. Census Bureau defines home-based workers as ""tele-work"" or those who perform work duties at home rather than travel to a separate workplace.",
pwd_grtoeq_16_wfh_pct,Working from Home,Employment: % Work From Home with Disability,S1811_C02_038,FALSE,FALSE,FALSE,TRUE,TRUE,comp,"Employment: Work from Home , age 16 or older","The U.S. Census Bureau defines home-based workers as ""tele-work"" or those who perform work duties at home rather than travel to a separate workplace.",grtoeq_16_wfh_pct
pwod_grtoeq_16_wfh_pct,Working from Home,Employment: % Work From Home without Disability,S1811_C03_038,FALSE,FALSE,FALSE,TRUE,TRUE,comp,,"The U.S. Census Bureau defines home-based workers as ""tele-work"" or those who perform work duties at home rather than travel to a separate workplace.",grtoeq_16_wfh_pct
pwd_grtoeq_16_wfh,Working from Home,Employment: # Work From Home with Disability,,FALSE,FALSE,FALSE,TRUE,TRUE,comp,,,grtoeq_16_wfh
pwod_grtoeq_16_wfh,Working from Home,Employment: # Work From Home without Disability,,FALSE,FALSE,FALSE,TRUE,TRUE,comp,,,grtoeq_16_wfh
pop_fulltime,Full and Part Time Workers,"Population, Working Full-Time",C18121_002,FALSE,FALSE,FALSE,TRUE,FALSE,standalone,,,
pwd_fulltime,Full and Part Time Workers,"People with Disabilities, Working Full-Time",C18121_003,FALSE,FALSE,FALSE,TRUE,FALSE,comp,,,fulltime
pwd_fulltime_pct,Full and Part Time Workers,"Percent of People with Disabilities, Working Full-Time",,FALSE,FALSE,FALSE,TRUE,FALSE,comp,,,fulltime_pct
pwod_fulltime,Full and Part Time Workers,"People without Disabilities, Working Full-Time",C18121_004,FALSE,FALSE,FALSE,TRUE,FALSE,comp,,,fulltime
pwod_fulltime_pct,Full and Part Time Workers,"Percent of People without Disabilities, Working Full-Time",,FALSE,FALSE,FALSE,TRUE,FALSE,comp,,,fulltime_pct
pop_not_fulltime,Full and Part Time Workers,"Population, Working Less Than Full-Time",C18121_005,FALSE,FALSE,FALSE,TRUE,FALSE,standalone,,,
pwd_not_fulltime,Full and Part Time Workers,"People with Disabilities, Working Less Than Full-Time",C18121_006,FALSE,FALSE,FALSE,TRUE,FALSE,comp,,,not_fulltime
pwd_not_fulltime_pct,Full and Part Time Workers,"Percent of People with Disabilities, Working Less Than Full-Time",,FALSE,FALSE,FALSE,TRUE,FALSE,comp,,,not_fulltime_pct
pwod_not_fulltime,Full and Part Time Workers,"People without Disabilities, Working Less Than Full-Time",C18121_007,FALSE,FALSE,FALSE,TRUE,FALSE,comp,,,not_fulltime
pwod_not_fulltime_pct,Full and Part Time Workers,"Percent of People without Disabilities, Working Less Than Full-Time",,FALSE,FALSE,FALSE,TRUE,FALSE,comp,,,not_fulltime_pct
pop_didnotwork,Full and Part Time Workers,"Population, Did Not Work",C18121_008,FALSE,FALSE,FALSE,TRUE,FALSE,standalone,,,
pwd_didnotwork,Full and Part Time Workers,"People with Disabilities, Did Not Work",C18121_009,FALSE,FALSE,FALSE,TRUE,FALSE,comp,,,didnotwork
pwod_didnotwork,Full and Part Time Workers,"People without Disabilities, Who Did Not Work",C18121_010,FALSE,FALSE,FALSE,TRUE,FALSE,comp,,,didnotwork
